"ID","AIC","BIC","T0","Tm","a","b"
1,-7.8212217305741,-9.3834700808377,5.428119,45.324,14.92423,0.000576814
2,-17.322316175095,-18.8845645253586,-27.51724,45.63904,0.08141697,0.07779352
3,-35.5490143029002,-34.338673930924,-41.3973533333333,31.58031,0.0211407833333333,147.2054
5,-58.1955613384368,-56.2559347392848,0.1863467,31.571605,0.03584988,372.96475
7,-26.8605382773841,-27.0768976811628,-83.38943,40.03701,0.0227667,0.1137698
8,-25.8458082773664,-25.5280421106471,-14.14362,70.21325,0.4683898,0.006285309
11,-31.7875685278189,-31.4698023610996,-13.285473901,41.78346393,0.026511748,0.149909762
13,35.4796481867525,38.0358775052135,-15.5866,69.21743,0.25654275,0.04233107
15,18.072367239803,21.1627221287621,-17.38902,65.4327022222222,0.266068422222222,0.0252957888888889
17,-17.1672443036949,-17.3836037074737,-20.42458,43.84055,0.04962347,0.2225684
19,-11.7804655811594,-11.9968249849381,-17.295330464,43.034778823,0.075270866,0.054467079
20,-32.5773774590849,-32.2596112923656,-37.55449,-45.81759,0.4490552,-0.0008356272
21,-26.7258816727844,-26.4081155060651,-98.6258011764706,35.08715,0.0151363582352941,0.241667417647059
22,-36.721339512171,-36.9376989159498,-13.67387,36.5233125,0.03894705,2.19618208333333
23,7.28197671564765,7.06561731186891,-33.29014,47.92351,0.1492474,0.02766706
24,-11.3688781251018,-11.5852375288806,-11.6467844444444,57.8761244444444,0.314784411111111,0.0189199855555556
25,45.8901936126452,47.8298202117972,-8.46942,40.99561,0.4418613,0.07552008
27,-71.7292967058764,-71.411530539157,-39.86304,38.3991,2162.125,5.486943e-08
28,-62.9309170992574,-62.6131509325381,-34.108555,35.7895333333333,0.00466284783333333,3.03951408333333
29,-70.8084030286737,-70.4906368619544,-27.011326485,41.621697954,0.004519836,0.220538507
30,-69.0133915161317,-68.6956253494124,-6055.436,35.0269,5.504265e-05,0.2466181
31,-73.5925903190357,-73.2748241523163,-45.87337,-47.69186,931.3813,-6.346371e-08
32,-48.8712155722266,-48.5534494055072,-0.2223906,61.22955,-0.0007807184,-0.07925339
33,-45.8353692673144,-45.517603100595,-8.343614,35.81572,-0.9831456,-0.001104701
34,-52.1328889918142,-51.8151228250949,-31.70898,1613.88168,0.0059358112,0.0255215898
36,-44.4300758772537,-44.1123097105343,-6.067218,36.2249,0.0789972,0.01478331
37,-54.0613307876549,-53.7435646209355,-90.2526288888889,35.6717011111111,0.002962785,3.27305388888889
39,-47.1078509902158,-46.7900848234964,-45.74814,35.00491,0.006984491,0.3860127
40,-49.8275167442853,-49.509750577566,-33.14616334,100.69345845,0.01031025,0.01159369
42,-40.6029221408387,-40.2851559741194,-120.5984,35.00635,0.004504723,0.3551247
43,-45.9623656055999,-45.6445994388805,-24.21255,817.097566666667,0.00863806233333333,0.040109647
44,-38.125415094428,-37.8076489277086,-14.5232253333333,35.1668873333333,0.0235414833333333,0.0699517666666667
45,-55.7245164859533,-55.406750319234,-28.99956,35.1714,0.01734677,0.08386498
46,-40.4141713860096,-40.0964052192902,-60.2888166666667,1778.87705,0.00489563483333333,0.02977185
47,-50.391612792471,-50.0738466257516,-7.741955,35.27479,0.1896788,0.008388855
48,-46.3633388928001,-46.0455727260808,-12.55776,34.68087,0.1018174,0.01237682
49,-38.8331370114761,-38.5153708447567,-12.21789,52.73773,-6602.857,-6.902083e-08
50,13.3796736472033,11.8174252969397,-14.38205,46.76329,53.02669,0.0002033953
51,23.6064095377455,22.0441611874819,-32.74737,48.98158,1238.028,5.015312e-06
52,18.695023618222,17.1327752679584,-3568.588,60.36115,0.3142566,0.0001977412
58,-23.1544881179938,-23.3708475217725,-7.714745,42.10457,0.2766391,0.041227725
59,-16.58226015131,-16.7986195550887,-11.40247,35.92656,0.088782805,0.0567831683333333
60,-6.80462968728163,-6.01573137793675,-8.2240271078,39.4376607505,0.1901857968,0.0649697212
61,-12.3531654811862,-13.9154138314498,-8.6380913,29.97544368,0.09216233,0.08259625
63,-5.35924194157863,-6.92149029184223,-6.096848,43.12499,-34.63824,-0.0001550412
65,-2.1545201990634,-1.83675403234406,-9.76546,45.73107,-24.41495,-0.000194206
71,-2.52229987103402,-2.73865927481277,-8.19025,40.06775,-75.28209,-7.046121e-05
72,4.5799558608571,4.36359645707836,-4473.562,-5.520202,0.0007060774,-0.1861116
73,-34.4468826993816,-36.0091310496452,-10.402487752,29.712702403,0.061572526,0.04408267
74,7.62062375079383,7.40426434701508,-10.08115,44.98066,-44.21543,-0.000104105
77,-22.3987758133664,-22.6151352171451,-53.32174,49.04924,0.04079716,0.107207
78,-6.31628875951714,-7.87853710978073,-2820.84,47.20117,0.001245611,0.15332
79,-21.9165361054998,-21.1276377961549,-44.58278,47.16559,0.06371099,0.07459957
80,13.9486454148297,13.732286011051,-10.20111,51.36054,0.5577254,0.01378361
82,7.41435871260287,5.85211036233927,1.239633,40.43787,15.52226,0.0009792732
83,-22.8194668004336,-22.5017006337142,0.1816388,49.18157,45.94479,3.851819e-05
85,-26.8524266442277,-27.0687860480065,-440.5302,-3.379324,0.003525523,-0.3488005
86,-4.26351940696087,-5.82576775722447,-68.5276975,147.2329,0.03343807,0.18377515
88,-0.534185085228,-2.0964334354916,-1039.279,33.9988,0.00354858,0.6336534
89,0.046411848183495,-1.5158365020801,-1167.968,141.6197,0.0227378,0.001400097
92,3.21917729567617,1.65692894541257,-1656.373,131.8983,0.3156645,3.479978e-05
93,-3.01223698879313,-4.57448533905673,-36.9613511111111,30.4261244444444,0.0374244022222222,4.66545688888889
95,1.69090182226393,0.128653472000328,-127.4739,30.19049,0.01565743,5.797601
96,18.9673875020641,17.4051391518005,-67.25422,324.2157,0.1763625,0.06752836
97,34.730365975784,33.1681176255204,-389.2895,568.3611,0.04626821,0.002967839
98,37.769829406702,36.2075810564384,-328.325,252.6768,0.04758983,0.05514429
99,38.7223677711389,37.1601194208753,-1360.799,229.7778,0.02472125,0.003207826
100,19.3509682855761,17.7887199353125,-270.0933,30.69119,0.02770816,5.595329
101,23.0348329168151,21.4725845665515,-69.3623155555556,30.4458866666667,0.0980882244444444,5.44577466666667
102,30.8452121151436,29.28296376488,-2071.867,150.4999,0.03362181,0.0009119001
110,-41.7613299904357,-41.9776893942145,-11.5410514285714,49.3925928571429,0.259059628571429,0.0106722685714286
111,-21.9960139071225,-23.5582622573861,-17.77182,-17.77726,-79.62737,1.036549e-05
112,-32.5875329231053,-32.2697667563859,-9.041289875,42.402585,0.1191692875,0.0372534475
114,-39.6360989977228,-39.8524584015016,-8.5167905,44.62755,0.1234567875,0.02907618
117,-50.5330867252745,-47.9768574068135,-36.6391941666667,55.4257808333333,0.0330363358333333,0.0854500675
118,-52.798823068047,-50.242593749586,-30.0281733333333,60.63832,0.04008816,0.07327321
120,-5.51647855389417,-7.07872690415777,-1.240556,65.29959,6420.387,5.609751e-07
121,-0.0674738582712617,-1.62972220853486,4.9637948,66.64868775,-0.10115965,-0.02543124
122,-3.91114203829127,-5.47339038855487,0.03362152,62.00744,370.3281,1.113445e-05
123,-2.38148414160872,-3.94373249187232,6.90160639,63.06608703,-0.21234433,-0.01844255
124,-1.81167886374416,-3.37392721400776,9.41648582,80.12279243,-0.01305161,-0.0542042
125,1.18009141302148,-0.382156937242118,12.26035,86.9214,-0.002953485,-0.07480477
126,-22.0497919267498,-23.6120402770134,-1.666355592,52.20209238,0.095317313,0.258062635
128,-0.712219912042652,-2.27446826230625,-1.960256,61.53803,-24.17366,-0.0001602321
129,-9.78014629378549,-11.3423946440491,-2.915197,63.09532,459.838,7.861834e-06
134,-27.6683692753566,-29.2306176256202,-7.929444732,19.999141069,0.075263404,0.27872637
136,0.771512175661356,-0.790736174602243,-0.4211253,20.66863,0.07197397,3.693998
137,-26.1617115813984,-27.723959931662,-73.63023493,4.33205392,0.01396423,-0.34186765
139,13.9936448672888,14.3114110340081,-5.21960635294118,46.86653,0.251297923529412,0.104598241176471
140,24.3278926680982,25.5382330400743,-57.8034516666667,52.76907,0.0864635533333333,0.2286358
141,8.15063341472067,8.46839958144002,-4.83656575,46.63074,0.1948436,0.22886855
142,-61.6170725310542,-58.5267176420951,-159.9819,43.14343,0.02187243,0.2281076
144,22.5744870211738,22.3581276173951,-23.08903,37.90897,0.2098396,0.3266496
145,3.28971708712953,3.07335768335078,-30.38392,35.7436045454545,0.0708760036363636,2.84476727272727
149,-7.5025280746511,-7.71888747842984,1.0513173,40.410431,0.06813655,3.4138512
152,4.3425762565641,6.89880557502513,-12.51337,58.38152,0.06653014,0.2554447
153,-0.738101826469416,0.853479264724067,-15.397,57.09561,0.06196113,0.3213164
154,17.9054839121312,20.7376847165401,-8.386675,51.59478,0.07379737,1.321542
155,13.9729659833953,16.5291953018564,-7.64172045454545,50.0551754545455,0.0779877881818182,3.13450854545455
156,43.7260750292845,48.0902448427177,-6.913411,59.91028,0.1241365,0.1252198
157,51.6428045942123,56.0069744076455,-6.379945,59.89238,0.1267961,0.1176552
158,2.94976848349068,3.26753465021003,-12.63817,57.52696,-13.82953,-0.0002436802
159,-0.283148816535475,0.505749492809404,-4.831633,60.84556,1006.604,4.017074e-06
162,3.29712051059129,3.61488667731063,-8.671298,55.61699,-319.0488,-1.123697e-05
163,-1.11325581040555,-0.795489643686203,-14.9366,69.69809,-111.5088,-1.625935e-05
164,-8.42250298239719,-8.10473681567785,-5.141535,52.8654,6679.632,7.332631e-07
165,-15.5030158644998,-14.7141175551549,-5.486572,60.63581,1770.668,1.764325e-06
166,7.11008301443816,6.89372361065941,-10.76754,61.9792,-50.19993,-7.734284e-05
168,4.62516674193895,4.94293290865829,-8.6952381607,55.7344963278,0.6601175813,0.0079340843
169,-4.19198073070872,-3.87421456398938,-6.49335,62.44006,-168.8837,-2.302376e-05
170,-11.7184919834719,-11.9348513872507,-25.60295,47.55072,0.109759,0.07728637
171,-16.9073701330218,-16.5896039663024,-40.469835,49.74393,0.0674660816666667,0.0910314583333333
172,-1.41932474948856,-1.63568415326731,-10.21522707,49.246705963,0.222547355,0.042198017
173,-15.2352560594376,-14.9174898927183,-11.76754,46.86829,0.1331313,0.083476075
174,6.12346325814209,5.90710385436335,-9.749999728,44.160494574,0.201867539,0.046915179
175,-16.9920328569655,-17.2083922607442,-6.619673,51.62996,5166.758,7.723273e-07
176,-13.6161081260779,-13.8324675298567,-10.4632142105263,43.2946636842105,0.146614142105263,0.0367876431578947
177,-3.60838324235968,-3.82474264613843,-7.24904,48.15227,0.5770703,0.008161319
178,-30.9745362881101,-31.1908956918889,-9.59522366666667,46.45095,0.352172066666667,0.01459247
179,-2.53054617986377,-2.74690558364251,-18.5994933333333,44.5431833333333,0.11662385,0.07284478
180,-9.96463766141699,-10.1809970651957,-12.95038,44.18156,0.1712141,0.03372168
181,-9.42200946810347,-9.63836887188222,-13.15982,45.93568,0.149657,0.03637191
182,-2.36418585154963,-2.58054525532838,-4.4442894147,43.6833175517,0.352053688,0.0224683621
183,-8.90549258252386,-9.12185198630261,-10.0019,45.46502,0.2646544,0.01867428
186,-28.0032023696715,-28.2195617734502,-29.06253,-28.7353,4.780989,-8.32633e-05
190,-26.8719567965514,-27.0883162003302,-28.7485,-27.78991,-0.2446153,0.001758307
191,-34.1107952965478,-34.3271547003265,-31.90515,-31.8725,-481.3316,7.947168e-07
201,-32.8045778635209,-34.3668262137845,-12.50779,54.40216,3111.919,4.649594e-07
203,-35.3536015992768,-36.9158499495404,1.836947,61.69885,1286.052,1.34763e-06
204,-36.4081117173945,-36.0903455506752,-77.795312,50.14646,0.014722168,0.1620792
205,-52.8729795192728,-50.0407787148639,-11.32465,51.27788,0.04218615,0.1186776
206,-94.4826197550765,-89.6071164556037,-10.32365,57.566495,0.038224385,0.088723415
219,-19.7144392969061,-21.2766876471697,13.763285244,47.798862156,-0.009938825,-0.098868384
220,-11.7891788228502,-13.3514271731138,8.828582,42.48373,-480.1431,-1.064166e-05
230,8.1103945126755,8.42816067939484,-73.99023,31.45927,0.07738461,2.838695
233,6.58248398314037,6.90025014985971,-8.35738,46.86681,152.6771,4.926547e-05
238,-35.623846865708,-32.5334919767489,-28.52924,40.07488,0.03113093,10.15273
239,-24.4707112284798,-18.2493189825221,-2.202789,42.242,0.09111033,0.3798763
241,-14.0120461378873,-15.5742944881509,5.45804,61.47381,0.1240488,0.09447632
243,-6.59363452198531,-6.80999392576406,-4.845174,50.47256,0.2240104,0.133961
245,5.01276258475346,3.45051423448986,2.94549118181818,54.9707,0.867465227272727,0.0244808409090909
247,10.435812112406,10.2194527086272,-1144.865,53.6027,0.007518505,0.8197055
249,-5.56319229853998,-7.12544064880358,-12.71102,52.9907,0.1017165,0.1812282
250,-29.4920329742146,-31.0542813244782,-25.18822,3020.694,0.01997374,0.002566322
251,-26.954634011784,-28.5168823620476,-27.14532,1578.057,0.02030195,0.01310016
254,-89.0684882489551,-87.1288616498031,-991.445,68.18912,0.0170253,0.0004945579
255,-52.1308066842249,-52.3471660880037,-927.0358,73.14633,0.003904352,0.003610803
256,-18.9545973457123,-18.636831178993,10.330230933,39.101836025,-0.017507018,-0.098084227
257,-34.3706533758556,-34.0528872091363,-5.08082675,42.298215,0.0771630375,0.0393164925
258,-8.12042885328252,-7.80266268656318,9.587373,33.0255,-14344.53,-8.397701e-07
259,-10.562367550063,-10.2446013833436,10.18018,33.19084,17.38454,0.0006663852
260,4.31338811035649,4.63115427707583,5.430279,37.52274,77.31964,7.048327e-05
261,-18.265376897582,-17.9476107308626,11.51476,36.2118566666667,0.07057044,2.89409066666667
262,-30.07688432422,-29.7591181575007,2.154583,36.75129,0.03105951,1.692432
263,-4.6108520104193,-4.29308584369996,11.10819559,41.87313909,0.14724954,0.18126362
264,-22.7413040311577,-22.9576634349365,-2.522511795,36.966010974,0.046163201,0.657647159
265,-18.0967029606535,-17.7789367939341,8.817935,36.2955384615385,0.05765653,2.95138523076923
269,38.3292862854488,39.1181845947937,-169.970452380952,44.98964,0.0437620433333333,0.429711457142857
270,-2.66198552453079,-1.87308721518591,-6819.11,46.2815,0.0004902827,0.9278764
271,37.0165779247859,38.2269182967621,2.59781204761905,46.95323,0.657900766666667,0.0733813052380952
272,-4.27287302022079,-3.0625326482446,-48.94625,94.44615,29.44633,1.874379e-05
273,6.6313846512592,7.84172502323538,-4753.456,51.11323,0.0008897997,0.2092553
276,18.1217294415906,16.559481091327,2.0592,35.754185,0.3314989,3.2403845
277,17.1875391763126,15.625290826049,4.6723784375,35.67555625,0.3538,3.1369201875
279,-45.2314778543395,-45.4478372581182,-22.06098455,48.95445083,0.02840606,0.02870887
280,-40.9150356273695,-41.1313950311483,-40.440165394,35.574814861,0.012811078,0.315506048
285,-30.4654346361488,-27.9092053176877,4.59266187096774,31.08325,0.15723144516129,0.0900177009677419
286,-3.08200093384816,-1.14237433469616,2.394909,29.19598,0.7095348,0.0177655
287,-23.05172333462,-20.2195225302111,2.660262,37.2116,0.2809774,0.0260908
288,-5.92161741214984,-3.98199081299784,-0.157268,30.8834,0.08898477,0.1825034
291,10.1393161908686,8.57706784060503,3.444762,40.49135,3773.756,3.822607e-06
292,19.454267041641,17.8920186913774,3.536723,40.46254,-425.4997,-4.985762e-05
294,-13.236886367899,-14.7991347181626,-15.8878975,30.4122891666667,0.0502099991666667,3.17273175
295,-24.0650189994156,-25.6272673496792,-5.58292275,31.30261,0.081834335,0.64026145
297,-13.8444212897048,-13.0555229803599,225.776920246,52.964586917,-0.005065711,0.156469176
298,12.7426990702607,12.5263396664819,0.1480164,38.49619,-476.7439,-2.063828e-05
299,-30.5425317447947,-30.7588911485735,-4220.524,366.5107,0.006695969,3.81468e-05
300,40.1584640077349,40.4762301744543,0.07628043,41.86561,0.4894226,0.041026095
312,35.2008988877258,41.6445705383027,-15.13468,8.866026,1405.158,1.241696e-05
313,28.9223713556882,35.4727159945937,-14.28443,3.84388,0.2857517,0.173089333333333
314,-4.31525548674645,-5.87750383701005,-32.91518117,45.24370401,0.10337902,0.24463223
316,-29.8595841034544,-31.421832453718,-2.52265733333333,39.0554966666667,0.05927942,5.60532066666667
317,-20.7637373051175,-22.3259856553811,-1.068947625,38.87657875,0.06280972,4.830702125
319,34.248580381479,32.6863320312154,3.908278,43.35689,6157.829,6.42203e-06
324,-80.3606352450872,-78.4210086459352,-1.362248,61.96118,0.04848622,0.112037
325,-28.9894268649985,-29.2057862687772,-236.6421,47.35464,0.005255003,0.2590631
326,-8.13688995215526,-7.81912378543592,-13.36229,41.85644,0.1855566,0.06932648
327,-13.2501891892589,-12.461290879914,-10.77081,53.63213,3662.076,1.099757e-06
330,17.0444144892041,16.8280550854253,-8.003370299,38.519410799,0.225437365,0.271813528
331,0.340497060545632,0.124137656766885,-2.868771,56.21266,-59.44737,-0.0001214996
332,13.5315384975265,13.8493046642459,-7.600241991,54.027149415,0.645186278,0.013522905
333,-7.43024615074984,-7.11247998403049,-12.95976,51.29995,0.4354404,0.0155946
334,17.8023173473443,18.1200835140636,-4.274509,55.01007,-75.12136,-0.0001139072
335,10.7345277990079,11.0522939657273,-9.833593,55.33121,12951.2,4.463531e-07
336,14.8409967989493,15.1587629656686,-14.84681,35.59576,0.1953629,0.4195336
337,-2.08173525377691,-1.29283694443204,-13.64806,56.04191,0.280091,0.02957078
338,10.1753516543482,10.4931178210675,8.700309,44.72228,7.996299,0.0009852939
339,16.5835949384895,16.9013611052089,8.533722,45.23336,19.95552,0.0003605158
342,42.6621358715542,43.4510341808991,-16.1063972727273,35.8840172727273,0.2429097,3.11614090909091
345,27.2912849735057,25.7290366232421,-84.7273925,39.79677,0.09178521,2.18068975
347,47.1122913084772,47.4300574751965,-3.483227,51.44428,1195.152,1.075675e-05
348,19.676825336404,19.4604659326253,-1.1798302,50.59339,0.41748386,0.066485238
351,-8.16378849041423,-9.72603684067782,-12.61847459,36.93855375,0.07909069,0.22367465
352,-19.6657315983336,-21.2279799485972,-6.729094,50.27397,733.3291,4.487881e-06
353,-8.67149986459218,-10.2337482148558,-7.704284,47.43099,-65.40933,-4.94747e-05
354,-30.9529994328259,-32.5152477830895,-11.08760191,53.17445486,0.18880146,0.02119126
355,-19.2553698973514,-20.817618247615,-9.73787133,43.54089676,0.21746088,0.01497757
356,-13.1093143658921,-14.6715627161557,-2.926039,46.07704,1793.779,1.766755e-06
357,-14.51584821821,-16.0780965684736,-6.477712,46.77783,162.0725,1.609786e-05
358,-15.1672109118687,-16.7294592621323,-10.47819,45.91353,-33.20269,-6.729066e-05
359,-18.6968752392587,-20.2591235895223,-24.18386439,46.38967043,0.07151347,0.05398799
360,-21.4362120474723,-22.9984603977359,-10.21174534,44.16809579,0.24586568,0.01227024
361,-12.8757221810328,-14.4379705312964,-10.83465,38.83556,0.1516551,0.1379209
362,-42.8005258385119,-44.3627741887755,-39.696944173,37.249695362,0.04697141,0.203639679
364,75.4308032393948,75.2144438356161,-12.31163,40.81823,0.8251581,0.1471554
365,-34.334773834328,-34.5511332381068,8.110416458,62.10875141,-0.001041728,-0.095761179
366,-38.4609550381965,-38.6773144419753,-281.4133,38.82789,0.00249189,0.2669972
367,-18.0871627904101,-19.6494111406737,-5.68072814285714,35.3163807142857,0.02631701,3.21328428571429
371,-33.9340827482533,-35.4963310985169,4.71269793333333,35.5796793333333,0.02375206,2.99276126666667
373,5.52267372985077,5.84043989657011,3.820663,61.564,0.0928055,0.1476783
375,22.3461904444056,22.1298310406269,26.76048,86.31737,-0.01868037,-0.06573609
376,39.4621901118246,39.2458307080458,25.13276,72.74313,-0.03121828,-0.08535496
397,20.0446695875074,19.8283101837286,-49.855068,43.15596,0.1190803,0.71947656
398,21.967798642175,21.7514392383963,-9978.311,42.10993,0.0009741875,1.06302
400,24.9552958462641,24.7389364424853,-53.5228275,43.38552,0.1176647,0.59055055
401,9.42324799171552,9.20688858793678,548.2772,42.17781,-0.0192431,0.9177353
402,33.2925849052493,33.0762255014705,4.415352,83.52284,3.356447,0.001821771
403,25.4906369109697,25.274277507191,-46.237155,43.60825,0.1167382,0.5113163
404,8.86191809546964,8.64555869169089,-2487.60171428571,41.87279,0.00323723171428571,0.967257814285714
407,27.3778179616422,27.1614585578635,-111.248925,41.92906,0.0536577825,0.613649775
409,41.9899208663962,41.7735614626175,-72.83327,45.45491,0.1731256,0.1699104
410,44.8394544655001,44.6230950617213,-199.4687,44.6431,0.07287207,0.1925692
424,-42.8178274657834,-41.2262463745899,-18.72478,83.00383,228.6683,2.176388e-06
425,-28.7669142399032,-27.1753331487097,-112.906833333333,42.6650866666667,0.00765682858333333,3.564462
432,-44.3327397875344,-42.3931131883824,-26.02325,40.1987611764706,0.02288316,3.36762241176471
436,-42.2595678771155,-41.0492275051393,-19.2422,38.2854965,0.0223366445,1.9276065
437,-36.3026025211049,-35.0922621491287,-14.209248226,41.433312435,0.027625316,0.335399671
438,-51.8373444687601,-50.6270040967839,-14.75545,44.5031,0.03279785,0.1423571
439,-50.4036685705703,-49.1933281985941,-14.58101,40.56918,0.02060561,0.3179906
440,-46.928135014034,-45.7177946420578,-14.737865,41.7806,0.026695115,0.1720038
441,-15.0981401420837,-16.6603884923473,-14.96919125,25.236635625,0.03897695,3.2842125625
442,-25.5476763591107,-27.1099247093743,-8.304139,-8.208689,26.05371,-2.867332e-05
461,-26.3176132005386,-26.5339726043173,-8.837504,1858.713,0.09618064,0.001196989
463,-13.3395362794802,-11.3999096803282,-1.372392,64.37011,0.07088478,0.1842948
465,-9.65690926303315,-8.06532817183967,-6.638919,64.74871,0.08889262,0.1497703
467,-11.3989016920007,-9.80732060080723,-1.959407,66.25507,0.08708581,0.174101
469,-5.48741181178474,-3.89583072059126,-10.41447,66.7824,0.09908906,0.1860422
470,58.7290971944324,60.6687237935844,-14.02347,52.09883,0.1895505,0.3845981
473,44.0136774852876,45.2240178572638,-18.9748942857143,55.81995,0.200543542857143,0.174871642857143
474,46.9904484720974,47.7793467814423,-2.6735711715,66.188327888,0.420188902,0.0433376116
476,46.3280663071007,46.64583247382,-20.73554375,35.3123325,0.1851965625,3.139433875
478,45.1666726033689,45.4844387700883,-73.86855,-75.09618,-23.42978,3.478795e-05
486,-44.1719382510834,-42.2323116519314,-11.09822,175.613975,0.08680383,0.520427525
490,-32.5586627051073,-30.0024333866463,0.53396288,36.252512,0.098303394,10.514632
493,-29.1674568955079,-30.7297052457715,-24.92749,-23.55837,-615.8511,6.374173e-07
496,-38.2811443273648,-39.8433926776284,3.624426,75.30467,190.8068,3.497663e-06
497,-32.4117729069863,-33.9740212572499,-22.47942,-22.35498,-88.81879,3.916076e-06
500,-3.99299922368656,-5.55524757395016,-24.8488,-23.9527,-10.08847,0.0001381486
503,-15.6689499134843,-17.2311982637479,3.662679,75.2008,-129.469,-1.825963e-05
504,-3.21829726735548,-4.78054561761908,-23.15667,-21.95563,-888.5334,1.671371e-06
505,26.2003879712884,25.9840285675097,-17.87429,36.78545,0.1427026,0.2271947
508,13.5156123524112,14.3045106617561,-86.38387,124.1884,0.09078258,0.22680625
509,38.4713714876373,39.2602697969821,-49.9655625,997.98428,0.1351987,0.147010271
510,22.0049564546818,21.7885970509031,-771.3885,598.712,0.01678045,0.002443375
512,23.0014665813568,23.7903648907017,-53.72414,29.1382342857143,0.1291346,7.96203271428571
513,36.1660387510347,36.9549370603796,-42.146139716,37.810420302,0.151857032,1.259848532
514,21.4795379951586,22.2684363045035,-1826.779,28.89883,0.005428324,10.47668
515,50.1845628131801,50.973461122525,-494.5897628,36.84072395,0.01943621,0.96830938
517,33.9873341168868,34.7762324262316,-37.2643236363636,35.3211018181818,0.174121,3.71628581818182
518,22.1714846533047,22.9603829626496,-960.3064,508.54,0.0142806,0.002557492
519,44.0171087674071,44.806007076752,-1070.302,374.3337,2.102989,1.229985e-05
520,-928.647492583551,-913.080915736248,-57.30971,-46.20963,-497.104,5.246752e-07
521,44.2329272449548,45.443267616931,-155.4394,-11.20685,-425.9937,6.864752e-06
523,-134.431420964392,-127.480742491258,-112.205,-17.69643,0.08849841,-0.003102693
525,-1125.23779903887,-1108.59296975209,-9.56792766666667,12.1465133333333,0.04985647,0.563613433333333
527,-1557.14385337612,-1540.4403842957,-28.20963,11.2756266666667,0.01861762,72.5041866666667
528,-1627.34334754848,-1608.88981067497,7.692892,24.91582,21.94774,0.0004450919
529,-1228.01709872526,-1212.1937492474,-13.0324566666667,13.5944466666667,0.03645661,1.298352
531,37.6218831443359,39.2134642355294,-2.047798363,40.007623437,3.620095384,0.003022851
532,33.4092085312032,34.6195489031794,2.948541,59.1653,-84.85411,-8.338665e-05
533,-2.33072830554173,-2.54708770932048,-12.32695,42.52846,0.1427823,0.4956591
534,14.4542994150323,14.2379400112536,-3.03967266666667,44.8777366666667,0.2892992,0.0517008166666667
536,-4.58663906710112,-4.26887290038177,-41.1616,-40.07261,-521.1555,1.448724e-06
542,-37.6610788619802,-39.2233272122438,-13.38045,42.3029128571429,0.02066737,1.55330657142857
543,-50.9485175712839,-52.5107659215475,-16.48836,-63.67242,-27.55716,4.391635e-06
544,-47.3624977522098,-48.9247461024734,-26.14187,-26.04746,2926.79,-6.837131e-08
545,-58.7711719862435,-60.3334203365071,-94.50656,-12.36267,-11.98476,9.331366e-06
551,10.7063752338761,9.14412688361247,-4.606533,40.092415,0.1976986,3.760853
552,14.2440877883797,12.6818394381161,-0.352106244444444,40.2367644444444,0.1830761,3.41969377777778
555,23.1620352066151,21.5997868563515,-4.39530536363636,40.4287909090909,0.1877952,3.34458381818182
556,24.3300856805072,22.7678373302436,-8.79890222222222,40.5221766666667,0.1475809,3.33866077777778
561,-14.3221471974472,-15.8843955477108,-17.05121,41.3952016666667,0.03267848,2.02169316666667
574,13.767046653626,15.706673252778,6.60917242,56.37488683,-0.0873436,-0.03327084
577,36.2933460300757,38.2329726292277,13.72609,95.87703,-0.0002628856,-0.1002014
581,-41.4270901892665,-39.4874635901145,-250.6914,12.5061,0.004291978,-0.3212661
585,-106.893593774995,-105.302012683802,-5.371793,74.03779,-3.599859e-05,-0.09691716
590,-17.3986072784,-17.6149666821788,-4.603447,35.77719,0.05895475,0.09833795
591,-22.5150284794063,-22.1972623126869,-5.384213,35.22281,0.07066023,0.04398888
592,-114.276865265838,-108.807681945892,-7.394033,35.19098,0.0498287,0.13668585
593,-27.3305706866867,-27.5469300904654,-9.816144,35.86214,0.03754969,0.1624686
594,-37.0874491744685,-37.3038085782472,-4.663426,37.62114,0.03292745,0.3643095
595,11.7889510356535,12.1067172023729,-5.221089,35.5703,0.1952774,0.04619528
596,13.3840499754481,18.9888395020967,-6.744495,35.6773,0.1258046,0.1103052
597,-4.75275457687866,-4.9691139806574,-9.3147405,36.06462,0.084505425,0.1575507
598,-18.988690221624,-19.2050496254028,-4.576529,37.35529,0.06455485,0.4028377
601,-79.6847584624835,-76.1232714308988,0.1748324,58.14726,0.1578573,0.01761603
602,-85.2325450074902,-81.6710579759056,-0.4738626,55.48692,0.1332546,0.02253653
603,-108.855413955449,-105.077658038783,-3.70825685714286,56.3994171428571,0.0494099642857143,0.109032757142857
604,-148.956594610795,-145.395107579211,-3.142975,50.1753,0.03086149,0.2399658
605,-149.132568966741,-145.354813050075,-28.36372,-28.2026,1.56015,-0.0001062892
606,-136.113517821993,-132.335761905327,-35.49947,-35.47869,-28.39002,4.90307e-06
637,-15.3888316225312,-13.7972505313378,-12.20589,50.74785,-12.09563,-0.0002606062
638,-15.333300630734,-15.5496600345127,-11.121396265,50.56735989,0.210032818,0.019490656
649,-35.9310224694694,-37.493270819733,-13.10684,54.63769,515.2724,2.747525e-06
651,-36.2126856550247,-37.7749340052883,0.6301954,62.82056,1333.074,1.20607e-06
652,-37.7401196527765,-37.4223534860571,-60.81488,51.30979,0.0181030608333333,0.127213891666667
653,-49.5349502765306,-46.7027494721217,-11.80821,51.08022,0.04133445,0.1239551
654,-95.0516506802315,-90.1761473807587,-10.6506125,57.504155,0.0379193875,0.089453265
658,-25.2020467552342,-22.3698459508254,-7.3625335,56.60005,0.08151876,0.052029695
659,-47.1425060684843,-44.3103052640755,-5.32372328571429,56.3247585714286,0.0648626057142857,0.107353528571429
663,-23.4477868989486,-23.1300207322292,-41.36418,45.24751,0.0292115828571429,0.253084914285714
664,-15.397231593234,-16.9594799434976,8.159212,51.4704,2018.2,2.127478e-06
668,-18.8105908419887,-20.3728391922523,0.4932971,56.1546,-108.3342,-2.220426e-05
670,28.3466621394661,31.679515515691,4.916374,44.92558,-355.4016,-1.882794e-05
673,8.98866203082863,8.77230262704988,-23.46876975,60.8463562,0.229683,0.01592895
674,5.39448389467148,5.17812449089274,-9.531032,64.3762,1953.948,1.988633e-06
676,7.41333570168278,5.85108735141918,1.819112,57.97844,7033.466,1.020087e-06
677,16.6179685663354,16.4016091625566,-9.85522,62.79387,2194.231,2.057954e-06
678,20.647628297293,20.4312688935143,-3.206252,56.89881,11732.07,6.201298e-07
680,11.1980924859419,9.63584413567832,2.588318,63.86046,-776.9958,-9.287436e-06
682,-49.3003367035379,-47.7087556123444,5.947389,55.72416,0.13916465,0.03300311
685,-37.942172962139,-39.5044213124026,6.69432028,54.95760264,0.12201364,0.03454846
687,-22.0453682978894,-23.607616648153,-283.9642,9.18565,0.007854577,-0.1041639
688,-25.7698288683734,-27.332077218637,-15.01044,52.85892,0.04953762,0.1033466
689,93.834913307646,94.6238116169909,-8.983912,43.23259,2.162015,0.1153133
690,67.6896554607091,68.0074216274284,-3.380744,39.74993,10786.96,1.018366e-05
691,12.9683233122801,12.7519639085014,-6.473759,43.00868,0.578150175,0.0437802875
692,31.330226759115,31.1138673553363,-8.091801488,40.2681962873,0.741744762,0.0323068067
693,30.3541914445171,30.1378320407383,-22.78973,56.45486,22.29356,0.0002811615
694,27.8408445808596,27.6244851770809,-18.4833,52.40919,-69.43305,-0.0001107969
695,-11.1875728575758,-10.3986745482309,0.59532685,47.041105,681.7283,6.7182415e-06
696,63.8205595707165,64.6094578800613,1.269919,52.0502,0.4992759,0.3153948
697,60.8203930225772,62.0307333945534,10.03813,53.92038,0.4967602,0.2060702
698,46.1001334241894,46.4178995909087,-7.109215,56.47324,0.7698215,0.04570797
699,58.0616227509356,58.3793889176549,6.044975,55.60582,4.585115,0.00845594
700,0.313403793589751,-1.24884455667385,-14.74054,54.15431,-18.91558,-0.0001639206
702,5.00173265342587,3.43948430316227,-1.30791,50.1237,-291.7648,-1.836098e-05
703,-10.4880292514779,-12.0502776017415,-8.086651,58.99592,961.4319,4.674867e-06
704,-1.3323622780284,-2.894610628292,-3.504916,57.17152,-153.2335,-3.257734e-05
705,-1.56638002925653,-3.12862837952013,-2.705505,63.38756,1668.297,2.54184e-06
707,-0.935447797794447,-2.49769614805805,-5.91962562,47.93346472,0.1987172,0.09004733
709,1.4948874805009,-0.0673608697626946,-20.71444,56.3919,4333.017,5.947165e-07
711,0.152822482642424,-1.40942586762117,-3.608071,50.48658,2225.756,2.195482e-06
716,2.93290349356751,1.37065514330392,-16.42681,35.10869,0.1297789,2.353441
718,3.91975237356827,2.35750402330467,-6.97533656,76.69075396,-0.01271698,-0.03696952
719,-3.50260728692358,-5.06485563718718,-15.76515,57.77955,-5.02212,-0.0004494382
722,-0.778816894183951,-2.34106524444755,-9.095702,61.39299,-193.1625,-1.62685e-05
726,9.65266451704781,8.09041616678421,-7.545322,52.60631,-30.98828,-0.0001237882
728,0.379220393484889,-1.18302795677871,-4.23963878,42.27563472,0.42031652,0.06340787
729,-41.3852186232514,-42.947466973515,-13.44489,43.21186,0.20512075,0.0981587
730,6.88710378711176,5.32485543684816,-1.98841732,47.31266665,0.45801799,0.04269164
731,0.00315631388741,-1.55909203637619,4.833724,47.12036,4154.922,4.080371e-06
733,-1.68221122563197,-3.24445957589557,-6.24548037,40.82496747,0.22214866,0.12099262
735,1.30128822636176,-0.260960123901838,0.1442923,60.14441,2791.394,2.707842e-06
736,-11.4682523272487,-13.0305006775123,-10.958630269,38.562950031,0.173794046,0.336891873
737,-6.53882464317627,-8.10107299343987,0.48359771,45.33913039,0.32198978,0.08006876
738,-11.2891099238506,-12.8513582741142,-7.0929765,49.44006,0.28409095,0.04050115
739,-6.87281185213891,-8.43506020240251,1.617801182,43.110758536,0.378335713,0.099100725
741,-3.48887755758446,-5.05112590784806,-0.34975251,43.48420057,0.24301074,0.15178168
744,49.4451828249585,52.2773836293673,-66.00999,31.2753,0.054374,0.4231286
755,2.86983328101734,2.65347387723859,-15.93913,52.27051,0.1033215,0.104909
758,-2.15174255490426,-2.36810195868301,-7.964159947,54.519671763,0.189171538,0.050966949
760,1.45624928074272,1.23988987696397,-24.65869,38.75218,0.1569817,0.05243711
762,-11.5901122805853,-13.1523606308489,-21.65900162,39.6094778,0.09795749,0.14305341
763,-15.0565726376634,-14.738806470944,-10.52927,56.27839,-0.1174623,-0.02272457
765,-5.14997254893527,-6.71222089919887,-6.589402,54.04874,2060.962,2.035981e-06
766,3.76133247669181,3.54497307291307,-4.44681,30.20543,1.690941,0.007359345
768,2.26345487637822,2.04709547259948,-16.95099,69.91757,11439.26,2.057461e-07
769,-6.5919221643766,-8.1541705146402,-54.56678666,37.7038618,0.06192913,0.18459097
770,9.65863502262789,9.44227561884914,-9.673974661,40.688082931,0.299426138,0.029779232
773,-7.78661210275031,-9.34886045301391,-68.37887,30.75739,0.04490913,3.27025
779,13.5479709120101,13.8657370787295,-7.6764581894,51.6445098749,0.1782419957,0.0631515005
781,-3.74229539041738,-3.42452922369803,-12.81387,52.035,0.1218103,0.0637388
783,7.13078296600154,8.34112333797773,-0.986477866666667,56.06684,0.569761366666667,0.0109007766666667
784,-7.14680924176376,-6.82904307504442,-5.925542,56.17082,5.407802,0.0006545273
785,-23.2999727855135,-21.3603461863615,1.278587,55.38593,-101.7759,-5.283596e-05
786,-4.71154008070914,-3.11995898951566,-6.150972,55.57566,-7.629265,-0.000421384
787,-8.03786837337147,-6.82752800139528,-0.6528465,56.64348,6370.567,8.363876e-07
788,-4.70659636551517,-3.9176980561703,-11.43429,63.41543,-158.0411,-1.595892e-05
793,-2.52190566499118,-2.73826506876992,-8.03492,47.24367,-353.6591,-1.09911e-05
794,-11.8329426344745,-12.0493020382533,-7.987198,47.96529,2284.561,2.115473e-06
795,-9.38375167181269,-9.60011107559144,-6.526320685,49.337453177,1.606255147,0.003195529
796,-2.19982974265467,-0.98948937067849,-3.189582,78.55413,-552.0366,-6.062802e-06
798,-15.7564650250314,-14.9675667156865,-2.383063,57.59546,0.8024405,0.007250001
801,-37.0284529441028,-35.4368718529093,-38.98127,-38.76949,-313.6243,1.077329e-06
804,-7.32232612590543,-5.73074503471195,-21.47488,47.94392,0.1145785,0.06616123
805,-18.3302152126873,-16.7386341214938,-12.2120916666667,50.10519,0.350527666666667,0.0165505216666667
806,-10.0278254237389,-8.43624433254546,-14.66737,50.51288,0.3186729,0.01645836
807,-22.2001139770767,-20.6085328858832,-15.44216,51.84831,0.5698124,0.007577684
809,-9.00152975232928,-7.4099486611358,-32.13916,49.24176,0.0830275333333333,0.1795058
810,-12.5217858924473,-10.9302048012538,-29.7164866666667,45.9230733333333,0.103617533333333,0.235790133333333
811,-14.8920892852392,-13.3005081940457,-34.66872,45.1852,0.09561269,0.2535904
812,-5.75862590090384,-4.16704480971036,-37.35873,46.56931,0.09113163,0.2376078
813,-4.03836439752993,-2.44678330633645,-34.61776,46.01,0.09628464,0.2001255
814,6.76979375723513,10.10264713346,-2.521403,48.47836,9485.801,6.30098e-07
815,3.32410541445445,6.65695879067932,-146.7396,39.98766,0.020531,0.2404664
816,15.8183368644348,19.1511902406596,-4.093135,52.09495,5324.597,1.148549e-06
817,-2.71214344820634,0.62070992801852,-12.68357,53.04441,0.4543489,0.01227425
818,2.05292603179775,2.37069219851709,-12.77861,57.58004,-19.04563,-0.0001760492
819,1.21768772794226,2.00658603728714,-4.992708,60.3386,4124.533,9.931899e-07
822,2.95453763173923,3.27230379845857,-8.38965,55.50667,9372.121,3.869144e-07
823,-1.45257369558088,-1.13480752886154,-15.52875,68.98125,-130.2471,-1.390481e-05
824,-9.72593700007518,-9.40817083335584,-4.260642,53.91364,-0.6335435,-0.006922794
825,-13.3012364555093,-12.5123381461644,-6.105623,59.9785,576.9034,5.395884e-06
826,6.80727331225414,6.5909139084754,-10.51965,61.93981,-14.1874,-0.0002749658
828,4.00404332205553,4.32180948877487,-9.0765756174,56.0635180219,0.6724172393,0.007601302
829,-3.0503289247567,-2.73256275803735,-8.019017,62.08749,-104.1329,-3.615839e-05
830,-12.1780291281341,-12.3943885319129,-25.05149,47.74411,0.1095619,0.07896615
831,-15.0423374642258,-14.7245712975064,-37.76693,51.08389,0.0733917345454545,0.0747542036363636
832,-2.07022414927176,-2.2865835530505,-9.8208170887,49.2604737606,0.2394359194,0.0382192573
833,-11.2604502014902,-10.9426840347708,-12.15500875,46.61546,0.134024375,0.08217121125
842,-64.1197108013722,-61.5634814829111,-16.57392,51.35,0.1198022,0.008443992
843,-52.0906710770697,-49.5344417586086,-9.281577,64.40034,-3.780758,-0.0003217101
847,-97.4688536476518,-94.9126243291908,-0.25576965,54.50783,0.07328045,0.026903875
848,-122.429687909848,-119.873458591387,-1.86398330769231,46.1310438461538,0.0173921861538462,0.153135069230769
849,-131.679087264046,-129.122857945585,-2.90927075,39.81286,0.01174782,0.75063055
852,-20.1670267056158,-21.7292750558794,-101.02646128,42.53648489,0.01756045,0.09479129
853,-31.6564973758295,-33.2187457260931,-7.281093,56.74087,1439.655,1.458942e-06
854,-55.0090545242019,-56.5713028744655,-15.793174734,44.308547224,0.072988709,0.043751418
855,-40.7469981351514,-42.309246485415,-6.501092,43.75962,0.3716233,0.01005497
856,-22.9813807238254,-24.543629074089,-2.911009,50.33433,1774.188,1.70011e-06
857,-36.0779018909502,-37.6401502412138,-20.162285,42.8969,0.066659985,0.059667465
858,-18.438889511084,-20.0011378613476,-17.49704,52.86437,-2.902176,-0.0004813628
859,-28.3710840474931,-29.9333323977567,-14.21001,55.97492,1.895468,0.0008541532
860,-30.3397995219408,-31.9020478722044,-29.66785749,45.550962,0.0502158,0.049544
861,-31.1342828670197,-32.6965312172834,-5.854412,47.43395,1715.702,1.593344e-06
862,-34.071757167522,-35.6340055177856,-5.173014362,48.119447696,0.448228788,0.006526724
863,-28.4831045909232,-30.0453529411868,-5.827849,48.20699,-19.24686,-0.0001193523
864,-28.7761634885562,-30.3384118388198,-11.232853317,58.500611978,0.209432892,0.008396109
865,-37.3217348102475,-38.8839831605111,-18.243095159,44.349412713,0.06830193,0.049020685
866,-35.8704965499883,-37.4327449002519,-26.51624801,51.09273524,0.05254716,0.04362175
867,-24.084661275966,-25.6469096262296,-4.095115,56.88133,-55.36635,-3.648711e-05
868,-18.111987425517,-19.6742357757806,-5.325882,48.07678,883.3482,2.772188e-06
869,-28.9873202726261,-30.5495686228897,-18.83627888,43.65384381,0.0488537,0.09017718
870,-35.2466276162113,-36.8088759664749,-14.09572574,53.18855178,0.07938229,0.03147054
872,-19.3260752269124,-20.888323577176,-0.90549323,46.94480936,0.20855555,0.01645356
873,-24.2598383564051,-25.8220867066687,-3.92557252,44.35778324,0.11619153,0.04487285
874,-32.686636645652,-34.2488849959156,-2.375069,51.27747,-469.7807,-4.882139e-06
875,-18.7592070103153,-20.3214553605789,0.491544821,49.634447694,0.438957411,0.007637662
879,-19.1141438823201,-20.6763922325837,-35.7418,-34.82877,-4.95096,8.272662e-05
882,-38.355057118761,-39.9173054690246,-9.141059112,37.360057115,0.039092399,1.265879005
887,-22.7854867513139,-24.3477351015775,-15.30613,145.939,0.034901,0.1968777
888,-20.1083322850413,-21.6705806353049,-111.8826277,42.36170174,0.01592145,0.09968484
889,-30.4511781808701,-32.0134265311337,-7.407439,56.84392,1466.267,1.421198e-06
890,-52.6422868249235,-54.2045351751871,-14.504271291,44.661091771,0.080823228,0.038529111
891,-46.148775906861,-47.7110242571246,-6.274301467,43.836023179,0.408250343,0.009109824
892,-23.3197597666853,-24.8820081169489,-2.790887,50.26213,1493.296,2.035511e-06
893,-35.5766940734415,-37.1389424237051,-20.946666532,42.862701454,0.064695236,0.061150487
894,-18.4381132203574,-20.000361570621,-17.48911,52.86611,-2.817982,-0.0004956912
895,-27.7345582681699,-29.2968066184335,-15.82849846,55.35300531,0.36513335,0.00459245
896,-31.6075634096079,-33.1698117598715,-28.77804231,45.56122731,0.05167625,0.04853807
897,-30.0860871338187,-31.6483354840823,-5.929019,47.46991,1658.502,1.640769e-06
898,-35.7442766408704,-37.306524991134,-5.203530805,47.993580915,0.402448322,0.007371972
899,-29.5257513371997,-31.0879996874633,-5.71901,48.20711,-7.932967,-0.0002901848
